0,159,5.036399,0,158.7,5.029497,0,158.9,5.032976,0,159.1,5.034797,0,159.4,5.029781,0,158.9,5.034484,0,159.5,5.030935,0,159.3,5.030089,0,159.1,5.03184,0,159.5,5.033216,0,159,5.030914,0,159.3,5.032169
0.02,158.5,,0.02,158,,0.02,158.2,,1.143,124.4,,1.143,124.2,,1.143,123.4,,2,105.3,,2,106.8,,2,105.4,,0.05,157.7,,0.05,157.2,,0.05,157.6,
0.04,157.7,,0.04,157.8,,0.04,157.5,,1.7145,110.2,,1.7145,111.6,,1.7145,110.4,,2.05,103.6,,2.05,103.6,,2.05,103.6,,0.1,155.8,,0.1,155.1,,0.1,155.8,
0.09,155.7,,0.09,155.5,,0.09,155.7,,2,105.3,,2,105.3,,2,104.3,,2.1,102.7,,2.1,102.6,,2.1,102.6,,0.15,153.8,,0.15,153.4,,0.15,153.8,
0.215,150.6,,0.215,151.1,,0.215,151.1,,2.2,101,,2.2,101,,2.2,100.3,,2.15,101.7,,2.15,101.7,,2.15,101.6,,0.2,151.9,,0.2,151.4,,0.2,151.9,
0.4135,143.9,,0.415,143.7,,0.415,143.6,,2.4,97,,2.4,97.3,,2.4,96.6,,2.2,100.7,,2.2,100.9,,2.2,100.6,,0.25,150.2,,0.25,149.5,,0.25,149.9,
0.6135,137.6,,0.615,137,,0.615,137.5,,2.6,93.1,,2.6,93.4,,2.6,92.8,,2.25,99.7,,2.25,99.7,,2.25,99.7,,0.3,148,,0.3,147.9,,0.3,148.3,
0.8135,131.4,,0.815,129,,0.815,131.4,,2.8,89.5,,2.8,89.7,,2.8,88.8,,2.3,98.8,,2.3,98.8,,2.3,98.7,,0.35,146.7,,0.35,146,,0.35,146.4,
1.0135,125.9,,1.015,125.9,,1.015,126.1,,3,85.4,,3,85.7,,3,85.1,,2.35,97.8,,2.35,97.8,,2.35,97.9,,0.4,144.8,,0.4,144.2,,0.4,144.6,
1.2135,121.1,,1.215,120.9,,1.215,121.3,,3.2,81.6,,3.2,81.4,,3.2,80.6,,2.4,96.9,,2.4,96.8,,2.4,96.9,,0.45,143,,0.45,142.5,,0.45,143,
1.4135,116.2,,1.415,116.5,,1.415,116.4,,3.4,77,,3.4,77.2,,3.4,77,,2.45,96,,2.45,96,,2.45,95.8,,0.5,141.2,,0.5,140.9,,0.5,141.2,
1.6135,111.8,,1.615,111.9,,1.615,112.5,,3.6,72.5,,3.6,72.5,,3.6,72.1,,2.5,95,,2.5,95,,2.5,94.9,,0.55,140.1,,0.55,139.2,,0.55,139.5,
1.8135,107.7,,1.815,107.8,,1.815,108.1,,3.8,67.5,,3.8,67.5,,3.8,66.7,,2.55,94,,2.55,94,,2.55,93.9,,0.6,138.1,,0.6,137.6,,0.6,138,
2.0135,103.8,,2.015,103.9,,2.015,104.2,,4,62.1,,4,61.9,,4,61.3,,2.6,93.1,,2.6,93.1,,2.6,93,,0.65,136.2,,0.65,136.1,,0.65,136.5,
2.2135,99.9,,2.215,100.4,,2.215,100.1,,4.2,55.3,,4.2,55.2,,4.2,54.8,,2.65,92.1,,2.65,92.1,,2.65,92,,0.7,135.1,,0.7,134.5,,0.7,134.8,
2.4135,96.3,,2.415,96.4,,2.415,96.7,,4.4,47.4,,4.4,46.8,,4.4,45.9,,2.7,91.1,,2.7,91.2,,2.7,91.2,,0.75,133.4,,0.75,133,,0.75,133.5,
2.6135,92,,2.615,92.4,,2.615,92.7,,4.6,36.8,,4.5835,37.6,,4.562,38.3,,2.75,90.2,,2.75,90.1,,2.75,90.1,,0.8,132.2,,0.8,131.7,,0.8,132,
2.8135,88.3,,2.815,88.4,,2.815,88.8,,4.715,27.3,,4.7145,27.3,,4.7245,24.7,,2.8,89.2,,2.8,88.1,,2.8,89.2,,0.85,130.7,,0.85,130.3,,0.85,130.6,
3.0135,84.4,,3.015,84.8,,3.015,84.8,,4.7765,22.7,,4.7795,20.8,,4.7775,21.1,,2.85,88.3,,2.85,88.3,,2.85,88.2,,0.9,129.3,,0.9,128.9,,0.9,129.2,
3.2135,80.3,,3.215,80.5,,3.215,80.8,,4.8945,4.3,,4.8435,12.8,,4.91,-5.5,,2.9,87.2,,2.9,87.4,,2.9,87.3,,0.95,127.9,,0.95,127.6,,0.95,127.8,
3.4135,75.8,,3.415,76.2,,3.415,76.3,,4.919,1,,4.894,3.6,,4.93,-3.3,,2.95,86.2,,2.95,86.2,,2.95,86.2,,1,126.7,,1,126.3,,1,126.6,
3.6135,71.4,,3.615,71.1,,3.615,71.7,,4.98,-27.1,,4.9245,-1.5,,4.98,-23.1,,3,85.3,,3,85.3,,3,85.3,,1.05,125.4,,1.05,125,,1.05,125.4,
3.8135,66.2,,3.815,66.5,,3.815,66.6,,5,-32.5,,4.9755,-27.9,,5,-31.1,,3.05,84.2,,3.05,84.3,,3.05,84.2,,1.1,124.1,,1.1,123.7,,1.1,124.1,
4.0135,60.3,,4.015,60.6,,4.015,61.3,,5.05,-134.7,,4.9955,-34.4,,5.02,-51.8,,3.1,83.2,,3.1,83.3,,3.1,83.2,,1.15,122.9,,1.15,122.5,,1.15,122.9,
4.2135,53.9,,4.215,54,,4.215,54.1,,5.07,-157.9,,5.035,-113.1,,5.04,-114.2,,3.15,82.1,,3.15,82.2,,3.15,82.2,,1.2,121.7,,1.2,121.4,,1.2,121.7,
4.4135,45.4,,4.415,45.9,,4.415,46.1,,5.09,-171.4,,5.055,-150.4,,5.06,-150.5,,3.2,81.2,,3.2,81.2,,3.2,81.1,,1.25,120.5,,1.25,120.1,,1.25,120.5,
4.592,35.5,,4.61,33.8,,4.6135,35.2,,5.11,-179.9,,5.075,-166.3,,5.08,-165.8,,3.25,80.1,,3.25,80.2,,3.25,80.1,,1.3,119.4,,1.3,119,,1.3,119.3,
4.702,27.3,,4.694,29.1,,4.7205,26.8,,5.1405,-189.5,,5.0985,-178.3,,5.105,-178,,3.3,78.9,,3.3,79,,3.3,79.1,,1.35,118.2,,1.35,117.9,,1.35,118.1,
4.782,19.9,,4.856,9.9,,4.7915,19.7,,5.1745,-197.3,,5.123,-186.6,,5.1305,-187.2,,3.35,77.9,,3.35,78,,3.35,77.9,,1.4,117.1,,1.4,116.8,,1.4,117.1,
4.852,10.9,,4.8875,5.7,,4.854,11.4,,5.223,-206.1,,5.158,-195.1,,5.161,-194,,3.4,76.7,,3.4,76.8,,3.4,76.7,,1.45,116,,1.45,115.6,,1.45,116,
4.896,3.3,,4.942,-8.1,,4.8995,4.3,,5.278,-212.8,,5.204,-203.9,,5.2175,-204,,3.45,75.7,,3.45,75.4,,3.45,75.7,,1.5,114.9,,1.5,114.6,,1.5,114.9,
4.9305,-5.3,,4.962,-13,,4.9435,-7.7,,5.3775,-222.3,,5.2575,-211,,5.2755,-211.8,,3.5,74.5,,3.5,74.7,,3.5,74.5,,1.55,113.8,,1.55,113.5,,1.55,113.7,
4.953,-12,,4.996,-34.5,,4.9635,-13.5,,5.4845,-228.9,,5.343,-219.5,,5.353,-218.7,,3.55,73.4,,3.55,73.4,,3.55,73.4,,1.6,112.7,,1.6,112.5,,1.6,112.7,
4.976,-21.4,,5.016,-48.5,,4.9895,-25.6,,5.684,-238.4,,5.4525,-227.4,,5.49,-228.6,,3.6,72.2,,3.6,72.2,,3.6,72.2,,1.65,111.7,,1.65,111.4,,1.65,111.6,
4.996,-33.4,,5.036,-112.7,,5.0095,-41.8,,,,,,,,,,,3.65,70.9,,3.65,71.6,,3.65,71,,1.7,110.7,,1.7,110.4,,1.7,110.6,
5.016,-51.1,,5.056,-150,,5.0295,-81.4,,,,,,,,,,,3.7,69.7,,3.7,70,,3.7,69.7,,1.75,109.6,,1.75,109.4,,1.75,109.6,
5.036,-101.5,,5.076,-166.6,,5.0495,-139.7,,,,,,,,,,,3.75,68.5,,3.75,68.4,,3.75,68.4,,1.8,108.7,,1.8,108.3,,1.8,108.6,
5.056,-147.4,,5.098,-178,,5.0695,-160.8,,,,,,,,,,,3.8,67,,3.8,66.9,,3.8,67.1,,1.85,107.7,,1.85,107.4,,1.85,107.6,
5.076,-164.6,,5.1225,-186.6,,5.0905,-173.3,,,,,,,,,,,3.85,65.8,,3.85,65.8,,3.85,65.8,,1.9,106.7,,1.9,106.3,,1.9,106.6,
5.101,-177.8,,5.156,-194.8,,5.1145,-182.8,,,,,,,,,,,3.9,64.5,,3.9,64.7,,3.9,64.4,,1.95,105.7,,1.95,105.4,,1.95,105.6,
5.1255,-186.3,,5.203,-203.5,,5.1445,-192,,,,,,,,,,,3.95,63,,3.95,62.9,,3.95,62.9,,2,104.7,,2,104.4,,2,104.6,
5.1605,-195.2,,5.2595,-211.2,,5.1785,-199.1,,,,,,,,,,,4,61.4,,4,61.4,,4,61.4,,2.05,103.6,,2.05,103.4,,2.05,103.7,
5.203,-203.4,,5.3395,-219.8,,5.2345,-208.5,,,,,,,,,,,4.05,60,,4.05,60.3,,4.05,59.9,,2.1,102.8,,2.1,102.5,,2.1,102.7,
5.258,-210.7,,5.435,-226.4,,5.2945,-215.3,,,,,,,,,,,4.1,58.2,,4.1,58.2,,4.1,58.2,,2.15,101.7,,2.15,101.5,,2.15,101.7,
5.344,-219.1,,,,,5.398,-224.2,,,,,,,,,,,4.15,56.5,,4.15,56.9,,4.15,56.5,,2.2,100.8,,2.2,100.5,,2.2,100.8,
5.456,-227.3,,,,,,,,,,,,,,,,,4.2,54.8,,4.2,54.7,,4.2,54.8,,2.25,99.8,,2.25,99.6,,2.25,99.8,
,,,,,,,,,,,,,,,,,,4.25,52.9,,4.25,53.1,,4.25,53.1,,2.3,98.9,,2.3,98.6,,2.3,98.8,
,,,,,,,,,,,,,,,,,,4.3,50.9,,4.3,51,,4.3,51,,2.35,97.8,,2.35,97.7,,2.35,97.9,
,,,,,,,,,,,,,,,,,,4.35,48.9,,4.35,48.8,,4.35,49,,2.4,97,,2.4,96.7,,2.4,97,
,,,,,,,,,,,,,,,,,,4.4,46.7,,4.4,47.6,,4.4,46.8,,2.45,96,,2.45,95.8,,2.45,96,
,,,,,,,,,,,,,,,,,,4.45,44,,4.45,44.6,,4.45,44.6,,2.5,95.1,,2.5,94.8,,2.5,95.1,
,,,,,,,,,,,,,,,,,,4.5,41.8,,4.5,41.8,,4.5,41.9,,2.55,94.2,,2.55,93.8,,2.55,94.1,
,,,,,,,,,,,,,,,,,,4.55,38.9,,4.55,39.2,,4.55,39.3,,2.6,93.2,,2.6,92.9,,2.6,93.1,
,,,,,,,,,,,,,,,,,,4.6,35.8,,4.6,36.1,,4.6,36,,2.65,92.2,,2.65,91.9,,2.65,92.2,
,,,,,,,,,,,,,,,,,,4.65,32.1,,4.65,32.7,,4.65,32.8,,2.7,91.2,,2.7,90.9,,2.7,91.2,
,,,,,,,,,,,,,,,,,,4.7,28.8,,4.7,28.7,,4.7,28.5,,2.75,90.3,,2.75,89.9,,2.75,90.3,
,,,,,,,,,,,,,,,,,,4.75,24.5,,4.75,24.3,,4.75,24.4,,2.8,89.3,,2.8,89,,2.8,89.2,
,,,,,,,,,,,,,,,,,,4.8,18.9,,4.8,19.1,,4.8,19.1,,2.85,88.3,,2.85,88.1,,2.85,88.2,
,,,,,,,,,,,,,,,,,,4.85,11.7,,4.85,12.2,,4.85,13,,2.9,87.3,,2.9,87.1,,2.9,87.3,
,,,,,,,,,,,,,,,,,,4.9,3.4,,4.9,4.5,,4.9,4.5,,2.95,86.3,,2.95,86.1,,2.95,86.3,
,,,,,,,,,,,,,,,,,,4.95,-13,,4.95,-10.1,,4.95,-9.8,,3,85.3,,3,85.1,,3,85.3,
,,,,,,,,,,,,,,,,,,5,-35,,5,-40.2,,5,-32.1,,3.05,84.3,,3.05,84.1,,3.05,84.4,
,,,,,,,,,,,,,,,,,,5.05,-141.1,,5.05,-140.2,,5.05,-138.6,,3.1,83.2,,3.1,83,,3.1,83.3,
,,,,,,,,,,,,,,,,,,5.1,-177.5,,5.1,-178.1,,5.1,-177.3,,3.15,82.2,,3.15,82,,3.15,82.2,
,,,,,,,,,,,,,,,,,,5.15,-193.1,,5.15,-192.9,,5.15,-192.3,,3.2,81.2,,3.2,81,,3.2,81.3,
,,,,,,,,,,,,,,,,,,5.2,-202.8,,5.2,-202.8,,5.2,-202,,3.25,80.1,,3.25,79.9,,3.25,80.1,
,,,,,,,,,,,,,,,,,,5.25,-210.2,,5.25,-210.1,,5.25,-209.5,,3.3,79.1,,3.3,78.8,,3.3,79.1,
,,,,,,,,,,,,,,,,,,5.3,-215.6,,5.3,-215.2,,5.3,-215.4,,3.35,78,,3.35,77.7,,3.35,77.9,
,,,,,,,,,,,,,,,,,,5.35,-220.1,,5.35,-220.2,,5.35,-220.1,,3.4,76.9,,3.4,76.7,,3.4,76.8,
,,,,,,,,,,,,,,,,,,5.4,-224,,5.4,-224.2,,5.4,-223.8,,3.45,75.7,,3.45,75.5,,3.45,75.9,
,,,,,,,,,,,,,,,,,,5.45,-227.4,,5.45,-227.5,,5.45,-227.3,,3.5,74.6,,3.5,74.4,,3.5,74.6,
,,,,,,,,,,,,,,,,,,5.5,-230.4,,5.5,-230.5,,5.5,-230.2,,3.55,73.4,,3.55,73.1,,3.55,73.4,
,,,,,,,,,,,,,,,,,,,,,,,,,,,3.6,72.1,,3.6,72,,3.6,72.3,
,,,,,,,,,,,,,,,,,,,,,,,,,,,3.65,71,,3.65,70.7,,3.65,71,
,,,,,,,,,,,,,,,,,,,,,,,,,,,3.7,69.7,,3.7,69.5,,3.7,69.8,
,,,,,,,,,,,,,,,,,,,,,,,,,,,3.75,68.4,,3.75,68.2,,3.75,68.6,
,,,,,,,,,,,,,,,,,,,,,,,,,,,3.8,67.2,,3.8,66.9,,3.8,67.2,
,,,,,,,,,,,,,,,,,,,,,,,,,,,3.85,65.7,,3.85,65.6,,3.85,65.9,
,,,,,,,,,,,,,,,,,,,,,,,,,,,3.9,64.4,,3.9,64.1,,3.9,64.5,
,,,,,,,,,,,,,,,,,,,,,,,,,,,3.95,63,,3.95,62.7,,3.95,63,
,,,,,,,,,,,,,,,,,,,,,,,,,,,4,61.6,,4,61.2,,4,61.6,
,,,,,,,,,,,,,,,,,,,,,,,,,,,4.05,60,,4.05,59.6,,4.05,59.9,
,,,,,,,,,,,,,,,,,,,,,,,,,,,4.1,58.4,,4.1,58,,4.1,58.3,
,,,,,,,,,,,,,,,,,,,,,,,,,,,4.15,56.6,,4.15,56.4,,4.15,56.6,
,,,,,,,,,,,,,,,,,,,,,,,,,,,4.2,54.9,,4.2,54.7,,4.2,54.9,
,,,,,,,,,,,,,,,,,,,,,,,,,,,4.25,53,,4.25,52.8,,4.25,53.1,
,,,,,,,,,,,,,,,,,,,,,,,,,,,4.3,51,,4.3,50.7,,4.3,51,
,,,,,,,,,,,,,,,,,,,,,,,,,,,4.35,49,,4.35,48.7,,4.35,49.2,
,,,,,,,,,,,,,,,,,,,,,,,,,,,4.4,46.7,,4.4,46.5,,4.4,47,
,,,,,,,,,,,,,,,,,,,,,,,,,,,4.45,44.4,,4.45,44,,4.45,44.6,
,,,,,,,,,,,,,,,,,,,,,,,,,,,4.5,42,,4.5,41.6,,4.5,42,
,,,,,,,,,,,,,,,,,,,,,,,,,,,4.55,39.2,,4.55,38.7,,4.55,39.1,
,,,,,,,,,,,,,,,,,,,,,,,,,,,4.6,36.1,,4.6,35.8,,4.6,36.1,
,,,,,,,,,,,,,,,,,,,,,,,,,,,4.65,32.7,,4.65,32.3,,4.65,32.7,
,,,,,,,,,,,,,,,,,,,,,,,,,,,4.7,29,,4.7,28.4,,4.7,29,
,,,,,,,,,,,,,,,,,,,,,,,,,,,4.75,24.8,,4.75,23.9,,4.75,24,
,,,,,,,,,,,,,,,,,,,,,,,,,,,4.8,19.6,,4.8,18.4,,4.8,19.3,
,,,,,,,,,,,,,,,,,,,,,,,,,,,4.85,12.7,,4.85,11.8,,4.85,12.5,
,,,,,,,,,,,,,,,,,,,,,,,,,,,4.9,3,,4.9,2.9,,4.9,5,
,,,,,,,,,,,,,,,,,,,,,,,,,,,4.95,-9.4,,4.95,-11.6,,4.95,-9.1,
,,,,,,,,,,,,,,,,,,,,,,,,,,,5,-32.4,,5,-37.2,,5,-31.9,
,,,,,,,,,,,,,,,,,,,,,,,,,,,5.05,-133.3,,5.05,-138.4,,5.05,-137.4,
,,,,,,,,,,,,,,,,,,,,,,,,,,,5.1,-175.4,,5.1,-175.9,,5.1,-177,
,,,,,,,,,,,,,,,,,,,,,,,,,,,5.15,-191.2,,5.15,-191,,5.15,-191.8,
,,,,,,,,,,,,,,,,,,,,,,,,,,,5.2,-201.7,,5.2,-201,,5.2,-202,
,,,,,,,,,,,,,,,,,,,,,,,,,,,5.25,-208.9,,5.25,-208.2,,5.25,-209.5,
,,,,,,,,,,,,,,,,,,,,,,,,,,,5.3,-214.7,,5.3,-213.8,,5.3,-215.2,
,,,,,,,,,,,,,,,,,,,,,,,,,,,5.35,-219.2,,5.35,-218.3,,5.35,-219.8,
,,,,,,,,,,,,,,,,,,,,,,,,,,,5.4,-223.1,,5.4,-222.4,,5.4,-223.4,
,,,,,,,,,,,,,,,,,,,,,,,,,,,5.45,-226.2,,5.45,-225.9,,5.45,-227,
,,,,,,,,,,,,,,,,,,,,,,,,,,,5.5,-229.3,,5.5,-228.9,,5.5,-229.9,
