0,-176.5,5.014121,0,-176.7,5.013111,0,-176.3,5.010497,0,-177.9,5.01094,0,-176.6,5.022725,0,-176.5,5.012918,0,-176.8,5.022195,0,-176.9,5.019507,0,-176.4,5.021979,0,-177.5,5.014196,0,-178.1,5.016177,0,-179.3,5.013817,0,-177.6,5.015005,0,-178,5.015485,0,-178.5,5.013928,0,-177.9,5.007154,0,-178.5,5.051755,0,-177.6,5.026338,0,-179.3,5.012966,0,-178.1,5.007864,0,-180.5,5.242328
0.05,-168.7,,0.05,-168.6,,0.05,-167.8,,0.1,-162.7,,0.1,-161.8,,0.1,-160.3,,2,-77.3,,2,-80.8,,2,-82.6,,0.05,-169.3,,0.05,-169.8,,0.05,-171.2,,2,-82.6,,2,-78.5,,2,-86.8,,0.02,-174.4,,0.02,-175.6,,0.02,-174.2,,2,-80.8,,2,-80.2,,2,-83.6,
0.1,-161.2,,0.1,-159.8,,0.1,-160.1,,0.2,-150.2,,0.2,-148.9,,0.2,-147.4,,2.1,-79.7,,2.1,-79.7,,2.1,-80.3,,0.1,-161.4,,0.1,-161.7,,0.1,-162.2,,2.05,-81.8,,2.05,-82.3,,2.05,-83.1,,0.04,-170.7,,0.04,-172,,0.04,-171,,2.02,-86,,2.02,-85.5,,2.02,-86.6,
0.157,-153.2,,0.15,-154.2,,0.1575,-152.6,,0.3,-140.5,,0.3,-140.7,,0.3,-137.8,,2.2,-77.8,,2.2,-77.9,,2.2,-78.3,,0.15,-154.6,,0.15,-155.2,,0.15,-155.5,,2.1,-80.8,,2.1,-81.4,,2.1,-82,,0.06,-167.6,,0.06,-169.6,,0.06,-168,,2.04,-85.5,,2.04,-85,,2.04,-86.3,
0.217,-147.4,,0.259,-142.7,,0.231,-145.3,,0.4,-134,,0.4,-132.8,,0.4,-131.9,,2.3,-75.6,,2.3,-75.7,,2.3,-76.3,,0.2,-149.6,,0.2,-148.5,,0.2,-150,,2.15,-79.8,,2.15,-80.5,,2.15,-80.8,,0.08,-164.6,,0.08,-165.9,,0.08,-165,,2.06,-85.1,,2.06,-84.6,,2.06,-85.8,
0.339,-137.8,,0.3405,-136.4,,0.335,-137.4,,0.5,-127.9,,0.5,-127.4,,0.5,-126.1,,2.4,-73.5,,2.4,-73.7,,2.4,-74.4,,0.25,-144,,0.25,-145.9,,0.25,-144.9,,2.2,-78.9,,2.2,-79.3,,2.2,-79.7,,0.1,-161.5,,0.1,-163.1,,0.1,-162,,2.08,-84.6,,2.08,-84.2,,2.08,-85.4,
0.461,-129.9,,0.4815,-127.6,,0.476,-128.5,,0.6,-122.7,,0.6,-122.2,,0.6,-120.6,,2.5,-71.5,,2.5,-71.8,,2.5,-72.5,,0.3,-140,,0.3,-139.9,,0.3,-141.1,,2.25,-77.7,,2.25,-78.5,,2.25,-78.8,,0.12,-158.6,,0.12,-160.6,,0.12,-159.3,,2.1,-84.4,,2.1,-83.8,,2.1,-85.1,
0.614,-121.8,,0.643,-119.5,,0.626,-120.6,,0.7,-117.9,,0.7,-118.8,,0.7,-116.4,,2.6,-69.7,,2.6,-69.9,,2.6,-70.3,,0.35,-136.3,,0.35,-136.4,,0.35,-137.2,,2.3,-77.1,,2.3,-77.3,,2.3,-77.8,,0.14,-156.3,,0.14,-158.1,,0.14,-156.9,,2.12,-83.8,,2.12,-83.4,,2.12,-84.6,
0.797,-114.3,,0.8395,-112.3,,0.807,-113.9,,0.8,-114.1,,0.8,-114.2,,0.8,-112.3,,2.7,-67.6,,2.7,-67.7,,2.7,-68.3,,0.4,-132.8,,0.4,-133,,0.4,-133.8,,2.35,-75.8,,2.35,-76.3,,2.35,-76.8,,0.16,-153.8,,0.16,-155.3,,0.16,-154.4,,2.14,-83.3,,2.14,-82.9,,2.14,-84.2,
1.0535,-106.1,,1.136,-102.6,,1.119,-103.1,,0.9,-110.8,,0.9,-110.5,,0.9,-109.4,,2.8,-65.4,,2.8,-65.7,,2.8,-66.3,,0.45,-129.9,,0.45,-130.4,,0.45,-131.1,,2.4,-74.8,,2.4,-75.3,,2.4,-75.7,,0.18,-151.7,,0.18,-153.5,,0.18,-152.3,,2.16,-83,,2.16,-82.5,,2.16,-83.7,
1.3655,-97.1,,1.4095,-95.5,,1.367,-97.2,,1,-107.3,,1,-107.1,,1,-105.7,,2.9,-63.7,,2.9,-63.5,,2.9,-64.1,,0.5,-127.2,,0.5,-127.2,,0.5,-128.1,,2.45,-73.7,,2.45,-74.3,,2.45,-74.8,,0.2,-149.7,,0.2,-150.8,,0.2,-150.6,,2.18,-82.6,,2.18,-82.1,,2.18,-83.3,
1.6785,-90.1,,1.8075,-86.2,,1.842,-85.8,,1.1,-104.4,,1.1,-104.3,,1.1,-102.7,,3,-61.5,,3,-61.6,,3,-62.2,,0.55,-124.3,,0.55,-124.9,,0.55,-125.7,,2.5,-72.8,,2.5,-73.3,,2.5,-73.9,,0.22,-147.8,,0.22,-148.8,,0.22,-148.2,,2.2,-82.2,,2.2,-81.7,,2.2,-83.1,
2.138,-79.9,,2.185,-78.5,,2.179,-79.4,,1.2,-101.6,,1.2,-102,,1.2,-100.1,,3.1,-59.2,,3.1,-59.5,,3.1,-59.9,,0.6,-122.2,,0.6,-122.6,,0.6,-123.6,,2.55,-71.8,,2.55,-72.3,,2.55,-72.7,,0.24,-146,,0.24,-147.2,,0.24,-146.3,,2.22,-81.8,,2.22,-81.3,,2.22,-82.6,
2.4985,-72.6,,2.6315,-69.7,,2.679,-69.3,,1.3,-98.9,,1.3,-98.9,,1.3,-97.4,,3.2,-56.9,,3.2,-57.4,,3.2,-57.8,,0.65,-119.8,,0.65,-120.4,,0.65,-121.1,,2.6,-70.8,,2.6,-71.2,,2.6,-71.5,,0.26,-144.3,,0.26,-145.4,,0.26,-144.8,,2.24,-81.5,,2.24,-81,,2.24,-82.3,
2.936,-64.2,,3.049,-61.3,,3.0485,-61.5,,1.4,-96.1,,1.4,-96.4,,1.4,-95,,3.3,-54.8,,3.3,-55.1,,3.3,-55.6,,0.7,-117.8,,0.7,-118.1,,0.7,-118.9,,2.65,-69.7,,2.65,-70.3,,2.65,-70.5,,0.28,-142.8,,0.28,-143.9,,0.28,-142.9,,2.26,-80.9,,2.26,-80.5,,2.26,-81.8,
3.3815,-54.5,,3.443,-53.1,,3.4165,-53.3,,1.5,-93.9,,1.5,-94.1,,1.5,-92.7,,3.4,-52.8,,3.4,-52.7,,3.4,-53.4,,0.75,-115.6,,0.75,-116,,0.75,-116.9,,2.7,-68.7,,2.7,-69.2,,2.7,-69.3,,0.3,-141,,0.3,-142.4,,0.3,-141.5,,2.28,-80.5,,2.28,-80.1,,2.28,-81.4,
3.7025,-46.8,,3.8145,-43.4,,3.751,-45.2,,1.6,-91.5,,1.6,-91.7,,1.6,-90,,3.5,-50.4,,3.5,-50.5,,3.5,-50.9,,0.8,-113.8,,0.8,-114.4,,0.8,-115,,2.75,-67.9,,2.75,-68.3,,2.75,-68.9,,0.32,-139.5,,0.32,-140.6,,0.32,-140.2,,2.3,-80.1,,2.3,-79.7,,2.3,-80.9,
4,-38.4,,4.0575,-35.9,,4.0545,-36.8,,1.7,-89.1,,1.7,-89.6,,1.7,-88.1,,3.6,-47.7,,3.6,-48.1,,3.6,-48.6,,0.85,-112.1,,0.85,-112.3,,0.85,-113.2,,2.8,-66.7,,2.8,-67.2,,2.8,-67.7,,0.34,-138.1,,0.34,-139.7,,0.34,-138.5,,2.32,-79.6,,2.32,-79.3,,2.32,-80.6,
4.2425,-29.7,,4.272,-28.1,,4.3085,-27.8,,1.8,-87.2,,1.8,-87.7,,1.8,-85.9,,3.7,-45,,3.7,-45.4,,3.7,-45.9,,0.9,-110.8,,0.9,-110.7,,0.9,-111.4,,2.85,-65.7,,2.85,-66.2,,2.85,-66.7,,0.36,-136.7,,0.36,-137.8,,0.36,-137.3,,2.34,-79.2,,2.34,-78.9,,2.34,-80.1,
4.4205,-21.8,,4.4645,-19.4,,4.4875,-18.8,,1.9,-85,,1.9,-85.2,,1.9,-83.8,,3.8,-42.7,,3.8,-42.8,,3.8,-43.4,,0.95,-108.7,,0.95,-109.5,,0.95,-109.9,,2.9,-64.6,,2.9,-65.1,,2.9,-65.8,,0.38,-135.3,,0.38,-136.6,,0.38,-136,,2.36,-78.9,,2.36,-78.5,,2.36,-79.9,
4.564,-13.7,,4.6035,-10.7,,4.599,-11,,2,-82.8,,2,-84,,2,-81.7,,3.9,-39.5,,3.9,-39.6,,3.9,-40.1,,1,-107.2,,1,-107.6,,1,-108.9,,2.95,-63.6,,2.95,-64.2,,2.95,-64.6,,0.4,-134.1,,0.4,-135,,0.4,-134.6,,2.38,-78.5,,2.38,-78.1,,2.38,-79.4,
4.675,-6.3,,4.697,-4.1,,4.681,-5.4,,2.1,-80.7,,2.1,-81.3,,2.1,-79.4,,4,-36.3,,4,-37.6,,4,-37.3,,1.05,-105.6,,1.05,-106.1,,1.05,-106.9,,3,-62.6,,3,-63.1,,3,-63.6,,0.42,-132.8,,0.42,-134,,0.42,-133.3,,2.4,-78.2,,2.4,-77.8,,2.4,-79.2,
4.7795,5.7,,4.7985,7.6,,4.799,8.1,,2.2,-78.4,,2.2,-79.3,,2.2,-77.8,,4.1,-33,,4.1,-33.5,,4.1,-34.1,,1.1,-104.5,,1.1,-104.4,,1.1,-105.3,,3.05,-61.8,,3.05,-62.1,,3.05,-62.6,,0.44,-131.8,,0.44,-132.6,,0.44,-132.2,,2.42,-77.7,,2.42,-77.3,,2.42,-78.6,
4.8295,11.3,,4.8485,14.3,,4.849,15.3,,2.3,-77.4,,2.3,-77,,2.3,-75.7,,4.2,-29.5,,4.2,-29.8,,4.2,-30.3,,1.15,-102.6,,1.15,-103.3,,1.15,-104,,3.1,-60.4,,3.1,-61,,3.1,-61.3,,0.46,-130.6,,0.46,-131.6,,0.46,-131.2,,2.44,-77.3,,2.44,-76.9,,2.44,-78.1,
4.904,28.2,,4.8995,26.2,,4.899,26.4,,2.4,-74.3,,2.4,-75.1,,2.4,-73.4,,4.3,-25.5,,4.3,-26.1,,4.3,-26.6,,1.2,-101.5,,1.2,-101.8,,1.2,-102.6,,3.15,-59.4,,3.15,-59.8,,3.15,-60.5,,0.48,-129.6,,0.48,-130.5,,0.48,-130,,2.46,-76.8,,2.46,-76.6,,2.46,-77.8,
4.954,49.3,,4.9495,40.5,,4.949,43.6,,2.5,-72.6,,2.5,-73.2,,2.5,-71.6,,4.4,-20.8,,4.4,-21.4,,4.4,-22.1,,1.25,-100,,1.25,-100.5,,1.25,-101.2,,3.2,-58.3,,3.2,-58.9,,3.2,-59.3,,0.5,-128.5,,0.5,-129.4,,0.5,-129.1,,2.48,-76.6,,2.48,-76.2,,2.48,-77.5,
5.004,90.3,,4.9995,83.9,,4.999,83.4,,2.6,-70.6,,2.6,-71.2,,2.6,-69.6,,4.5,-15.7,,4.5,-16.3,,4.5,-16.7,,1.3,-98.8,,1.3,-99.4,,1.3,-99.9,,3.25,-57.3,,3.25,-57.8,,3.25,-58.1,,0.52,-127.5,,0.52,-128.8,,0.52,-128,,2.5,-76.2,,2.5,-75.7,,2.5,-77.1,
5.054,156.3,,5.0495,152.1,,5.049,150.8,,2.7,-68.9,,2.7,-69.1,,2.7,-67.4,,4.6,-10.6,,4.6,-10.2,,4.6,-10.6,,1.35,-97.5,,1.35,-98,,1.35,-98.7,,3.3,-56.1,,3.3,-56.5,,3.3,-57,,0.54,-126.4,,0.54,-127.7,,0.54,-127.2,,2.52,-75.7,,2.52,-75.4,,2.52,-76.6,
5.104,174.2,,5.0995,172,,5.099,171.4,,2.8,-67.6,,2.8,-67,,2.8,-65.7,,4.7,-1.9,,4.7,-2,,4.7,-3.2,,1.4,-96.4,,1.4,-96.8,,1.4,-97.5,,3.35,-54.9,,3.35,-55.4,,3.35,-56,,0.56,-125.3,,0.56,-126.5,,0.56,-126.1,,2.54,-75.4,,2.54,-74.9,,2.54,-76.3,
5.1865,189.7,,5.1685,186.9,,5.1625,184.9,,2.9,-64.5,,2.9,-65.2,,2.9,-63.3,,4.8,9.6,,4.8,9.3,,4.8,9,,1.45,-95.1,,1.45,-95.7,,1.45,-96.4,,3.4,-53.7,,3.4,-54.3,,3.4,-54.8,,0.58,-124.6,,0.58,-125.4,,0.58,-125.2,,2.56,-74.9,,2.56,-74.5,,2.56,-75.8,
5.268,199.1,,5.2375,195.6,,5.2355,194.7,,3,-62.4,,3,-62.8,,3,-61.2,,4.9,27.2,,4.9,27,,4.9,26.4,,1.5,-94,,1.5,-94.4,,1.5,-95.1,,3.45,-52.5,,3.45,-53.1,,3.45,-53.6,,0.6,-123.7,,0.6,-124.9,,0.6,-124.5,,2.58,-74.5,,2.58,-74.1,,2.58,-75.5,
5.3795,207.8,,5.345,205.1,,5.3295,203.5,,3.1,-60.4,,3.1,-60.8,,3.1,-59.2,,5,79.1,,5,82.2,,5,78.3,,1.55,-92.6,,1.55,-93,,1.55,-93.7,,3.5,-51.4,,3.5,-52,,3.5,-52.3,,0.62,-122.8,,0.62,-123.6,,0.62,-123.4,,2.6,-74,,2.6,-73.7,,2.6,-75.1,
5.5355,216.4,,5.4755,213.5,,5.4535,211.7,,3.2,-58.1,,3.2,-58.7,,3.2,-57,,5.1,173.1,,5.1,173,,5.1,171.1,,1.6,-91.5,,1.6,-92.1,,1.6,-92.8,,3.55,-50.1,,3.55,-50.8,,3.55,-51.1,,0.64,-122,,0.64,-122.8,,0.64,-122.6,,2.62,-73.7,,2.62,-73.3,,2.62,-74.7,
5.735,224.1,,5.6445,221.2,,5.6225,219.6,,3.3,-55.9,,3.3,-55.5,,3.3,-55,,5.2,192.4,,5.2,192.2,,5.2,190.3,,1.65,-90.4,,1.65,-90.9,,1.65,-91.6,,3.6,-48.9,,3.6,-49.4,,3.6,-49.9,,0.66,-121.1,,0.66,-121.9,,0.66,-121.5,,2.64,-73.3,,2.64,-73,,2.64,-74.3,
6.0375,233.1,,5.895,228.7,,5.865,227.6,,3.4,-53.7,,3.4,-54.4,,3.4,-52.5,,5.3,203.4,,5.3,203.1,,5.3,201.4,,1.7,-89.2,,1.7,-89.8,,1.7,-90.4,,3.65,-47.8,,3.65,-48.3,,3.65,-48.8,,0.68,-120.1,,0.68,-121,,0.68,-121,,2.66,-72.8,,2.66,-72.5,,2.66,-73.9,
6.3855,240.4,,6.2965,237.9,,6.2135,235.8,,3.5,-51.3,,3.5,-51.8,,3.5,-50,,5.4,210.8,,5.4,210.9,,5.4,209.1,,1.75,-87.9,,1.75,-89.1,,1.75,-89.4,,3.7,-46.6,,3.7,-46.9,,3.7,-47.4,,0.7,-119.4,,0.7,-120.3,,0.7,-120.1,,2.68,-72.4,,2.68,-72.1,,2.68,-73.4,
,,,,,,,,,3.6,-48.7,,3.6,-49.4,,3.6,-47.7,,5.5,216.9,,5.5,216.8,,5.5,215.1,,1.8,-88.2,,1.8,-87.5,,1.8,-88.3,,3.75,-45.3,,3.75,-45.5,,3.75,-46.1,,0.72,-118.6,,0.72,-119.3,,0.72,-119.2,,2.7,-72,,2.7,-71.8,,2.7,-73.2,
,,,,,,,,,3.7,-46.1,,3.7,-46.8,,3.7,-45.1,,5.6,221.4,,5.6,221.4,,5.6,219.9,,1.85,-86.1,,1.85,-86.5,,1.85,-87.1,,3.8,-43.6,,3.8,-44.2,,3.8,-44.7,,0.74,-117.9,,0.74,-118.8,,0.74,-118.4,,2.72,-71.7,,2.72,-71.3,,2.72,-72.7,
,,,,,,,,,3.8,-43.2,,3.8,-44.3,,3.8,-42.5,,5.7,225.6,,5.7,225.3,,5.7,223.8,,1.9,-84.9,,1.9,-85.4,,1.9,-86.1,,3.85,-42.2,,3.85,-42.7,,3.85,-43.2,,0.76,-117.2,,0.76,-118,,0.76,-117.7,,2.74,-71.6,,2.74,-70.8,,2.74,-72.4,
,,,,,,,,,3.9,-40.5,,3.9,-41.2,,3.9,-39.4,,5.8,228.9,,5.8,228.8,,5.8,227.1,,1.95,-83.8,,1.95,-84.5,,1.95,-84.9,,3.9,-40.8,,3.9,-41.3,,3.9,-41.7,,0.78,-116.3,,0.78,-117.1,,0.78,-117.1,,2.76,-70.8,,2.76,-70.5,,2.76,-71.9,
,,,,,,,,,4,-37.6,,4,-37.8,,4,-36.4,,5.9,231.7,,5.9,232,,5.9,230.2,,2,-82.7,,2,-83.2,,2,-84.1,,3.95,-39.3,,3.95,-39.8,,3.95,-40.3,,0.8,-115.7,,0.8,-116.3,,0.8,-116.4,,2.78,-70.3,,2.78,-70,,2.78,-71.5,
,,,,,,,,,4.1,-34.2,,4.1,-35.4,,4.1,-32.9,,6,234.5,,6,234.6,,6,232.9,,2.05,-81.7,,2.05,-82.4,,2.05,-83.1,,4,-37.9,,4,-38.2,,4,-38.7,,0.82,-114.9,,0.82,-115.7,,0.82,-115.5,,2.8,-70,,2.8,-69.7,,2.8,-71.3,
,,,,,,,,,4.2,-30.6,,4.2,-31.3,,4.2,-29.8,,,,,,,,,,,2.1,-80.3,,2.1,-81.3,,2.1,-82,,4.05,-36.1,,4.05,-36.6,,4.05,-37.2,,0.84,-114.2,,0.84,-115,,0.84,-114.9,,2.82,-69.7,,2.82,-69.2,,2.82,-70.8,
,,,,,,,,,4.3,-26.5,,4.3,-27.2,,4.3,-25.3,,,,,,,,,,,2.15,-80.2,,2.15,-80.3,,2.15,-80.9,,4.1,-34.6,,4.1,-34.9,,4.1,-35.4,,0.86,-113.6,,0.86,-114.2,,0.86,-114.2,,2.84,-69.2,,2.84,-68.8,,2.84,-70.5,
,,,,,,,,,4.4,-22.3,,4.4,-23,,4.4,-20.9,,,,,,,,,,,2.2,-78.9,,2.2,-79.3,,2.2,-79.9,,4.15,-32.5,,4.15,-33.3,,4.15,-33.7,,0.88,-112.9,,0.88,-113.6,,0.88,-113.6,,2.86,-68.8,,2.86,-68.4,,2.86,-69.9,
,,,,,,,,,4.5,-16.8,,4.5,-17.7,,4.5,-15.9,,,,,,,,,,,2.25,-78.9,,2.25,-78.4,,2.25,-79,,4.2,-30.5,,4.2,-31.4,,4.2,-32,,0.9,-112.3,,0.9,-112.8,,0.9,-112.9,,2.88,-68.4,,2.88,-68,,2.88,-69.6,
,,,,,,,,,4.6,-10.5,,4.6,-11.8,,4.6,-9.3,,,,,,,,,,,2.3,-77.1,,2.3,-77.1,,2.3,-77.9,,4.25,-29.2,,4.25,-29.6,,4.25,-29.8,,0.92,-111.6,,0.92,-112.3,,0.92,-112.3,,2.9,-67.9,,2.9,-67.5,,2.9,-69.1,
,,,,,,,,,4.7,-2.6,,4.7,-3.8,,4.7,-0.7,,,,,,,,,,,2.35,-75.7,,2.35,-76.4,,2.35,-76.9,,4.3,-26.9,,4.3,-27.4,,4.3,-27.7,,0.94,-110.9,,0.94,-111.6,,0.94,-111.6,,2.92,-67.6,,2.92,-67.2,,2.92,-68.8,
,,,,,,,,,4.8,9.4,,4.8,6.4,,4.8,9.8,,,,,,,,,,,2.4,-74.7,,2.4,-75.4,,2.4,-75.9,,4.35,-24.5,,4.35,-25.4,,4.35,-25.8,,0.96,-110.4,,0.96,-111,,0.96,-111,,2.94,-67.2,,2.94,-66.8,,2.94,-68.3,
,,,,,,,,,4.9,28.5,,4.9,25.8,,4.9,29.1,,,,,,,,,,,2.45,-73.7,,2.45,-74.2,,2.45,-74.8,,4.4,-22.4,,4.4,-22.8,,4.4,-23.5,,0.98,-109.6,,0.98,-110.2,,0.98,-110.6,,2.96,-66.8,,2.96,-66.4,,2.96,-68,
,,,,,,,,,5,90.6,,5,76.7,,5,89,,,,,,,,,,,2.5,-72.7,,2.5,-73.3,,2.5,-73.9,,4.45,-19.8,,4.45,-20.1,,4.45,-21,,1,-109,,1,-109.9,,1,-109.8,,2.98,-66.3,,2.98,-66,,2.98,-67.5,
,,,,,,,,,5.1,173.6,,5.1,171.8,,5.1,171.7,,,,,,,,,,,2.55,-71.6,,2.55,-72.1,,2.55,-72.9,,4.5,-17.1,,4.5,-17.5,,4.5,-18.5,,1.02,-108.5,,1.02,-109.2,,1.02,-109.3,,3,-66,,3,-65.5,,3,-67.2,
,,,,,,,,,5.2,192.1,,5.2,191.4,,5.2,191,,,,,,,,,,,2.6,-70.7,,2.6,-71.2,,2.6,-71.9,,4.55,-14,,4.55,-14.9,,4.55,-15.1,,1.04,-107.7,,1.04,-108.4,,1.04,-108.7,,3.02,-65.5,,3.02,-65.1,,3.02,-66.8,
,,,,,,,,,5.3,202.7,,5.3,202.1,,5.3,201.5,,,,,,,,,,,2.65,-69.6,,2.65,-70.3,,2.65,-70.9,,4.6,-10.9,,4.6,-11.1,,4.6,-12,,1.06,-107.3,,1.06,-107.9,,1.06,-108,,3.04,-64.9,,3.04,-64.6,,3.04,-66.4,
,,,,,,,,,5.4,210,,5.4,209.4,,5.4,209.2,,,,,,,,,,,2.7,-68.7,,2.7,-69.2,,2.7,-69.8,,4.65,-6.9,,4.65,-7.8,,4.65,-8.2,,1.08,-106.6,,1.08,-107.4,,1.08,-107.4,,3.06,-64.7,,3.06,-64.2,,3.06,-65.8,
,,,,,,,,,5.5,215.9,,5.5,215.4,,5.5,215,,,,,,,,,,,2.75,-67.5,,2.75,-68.2,,2.75,-68.9,,4.7,-3.1,,4.7,-3.6,,4.7,-4.7,,1.1,-106,,1.1,-106.5,,1.1,-106.8,,3.08,-64.2,,3.08,-63.8,,3.08,-65.5,
,,,,,,,,,5.6,220.7,,5.6,220.1,,5.6,219.6,,,,,,,,,,,2.8,-66.6,,2.8,-67.1,,2.8,-67.9,,4.75,1.5,,4.75,0.3,,4.75,1.1,,1.12,-105.5,,1.12,-106.3,,1.12,-106.2,,3.1,-63.7,,3.1,-63.5,,3.1,-65.1,
,,,,,,,,,5.7,224.6,,5.7,224,,5.7,223.5,,,,,,,,,,,2.85,-65.6,,2.85,-66.4,,2.85,-66.9,,4.8,7.2,,4.8,7.5,,4.8,7,,1.14,-105.1,,1.14,-105.5,,1.14,-105.9,,3.12,-63.4,,3.12,-63,,3.12,-64.6,
,,,,,,,,,5.8,227.9,,5.8,227.4,,5.8,227,,,,,,,,,,,2.9,-64.6,,2.9,-65,,2.9,-65.7,,4.85,15.2,,4.85,14.7,,4.85,14.4,,1.16,-104.4,,1.16,-104.9,,1.16,-105.3,,3.14,-62.9,,3.14,-62.5,,3.14,-64.2,
,,,,,,,,,5.9,231,,5.9,230.3,,5.9,230.1,,,,,,,,,,,2.95,-63.8,,2.95,-64.1,,2.95,-64.5,,4.9,25.4,,4.9,24.7,,4.9,24.2,,1.18,-103.8,,1.18,-104.6,,1.18,-104.6,,3.16,-62.5,,3.16,-62,,3.16,-63.9,
,,,,,,,,,,,,6,233.1,,6,232.6,,,,,,,,,,,3,-62.5,,3,-63,,3,-64.3,,4.95,40.8,,4.95,42.9,,4.95,41.3,,1.2,-103.3,,1.2,-104,,1.2,-104.1,,3.18,-62,,3.18,-61.7,,3.18,-63.5,
,,,,,,,,,,,,,,,,,,,,,,,,,,,3.05,-61.5,,3.05,-62,,3.05,-63,,5,77,,5,75.5,,5,78.8,,1.22,-102.8,,1.22,-103.3,,1.22,-103.7,,3.2,-61.6,,3.2,-61.2,,3.2,-63,
,,,,,,,,,,,,,,,,,,,,,,,,,,,3.1,-60.3,,3.1,-60.7,,3.1,-61.7,,5.05,149.9,,5.05,149.9,,5.05,150.2,,1.24,-102.3,,1.24,-103,,1.24,-103.2,,3.22,-61.1,,3.22,-60.9,,3.22,-62.7,
,,,,,,,,,,,,,,,,,,,,,,,,,,,3.15,-59.3,,3.15,-59.8,,3.15,-60.6,,5.1,171.5,,5.1,171.1,,5.1,171.7,,1.26,-101.7,,1.26,-102.3,,1.26,-102.5,,3.24,-60.7,,3.24,-60.3,,3.24,-62.3,
,,,,,,,,,,,,,,,,,,,,,,,,,,,3.2,-58.2,,3.2,-58.8,,3.2,-59.5,,5.15,183.4,,5.15,183,,5.15,183.2,,1.28,-101.3,,1.28,-101.8,,1.28,-101.9,,3.26,-60.2,,3.26,-60,,3.26,-61.7,
,,,,,,,,,,,,,,,,,,,,,,,,,,,3.25,-57.3,,3.25,-57.6,,3.25,-58.4,,5.2,191.4,,5.2,191.1,,5.2,191.8,,1.3,-100.7,,1.3,-101.3,,1.3,-101.5,,3.28,-59.8,,3.28,-59.4,,3.28,-61.4,
,,,,,,,,,,,,,,,,,,,,,,,,,,,3.3,-56,,3.3,-56.6,,3.3,-57.2,,5.25,197.6,,5.25,197.4,,5.25,197.5,,1.32,-100.2,,1.32,-100.7,,1.32,-100.9,,3.3,-59.4,,3.3,-59.1,,3.3,-60.8,
,,,,,,,,,,,,,,,,,,,,,,,,,,,3.35,-54.8,,3.35,-55.3,,3.35,-56.2,,5.3,202.3,,5.3,202.3,,5.3,202.4,,1.34,-99.7,,1.34,-100.3,,1.34,-100.5,,3.32,-58.9,,3.32,-58.6,,3.32,-60.4,
,,,,,,,,,,,,,,,,,,,,,,,,,,,3.4,-53.6,,3.4,-54.2,,3.4,-55,,5.35,206.3,,5.35,205.8,,5.35,206.6,,1.36,-99.2,,1.36,-99.8,,1.36,-99.8,,3.34,-58.4,,3.34,-58.1,,3.34,-60,
,,,,,,,,,,,,,,,,,,,,,,,,,,,3.45,-52.4,,3.45,-53,,3.45,-53.8,,5.4,209.9,,5.4,209.7,,5.4,209.9,,1.38,-98.7,,1.38,-99.2,,1.38,-99.3,,3.36,-58,,3.36,-57.6,,3.36,-59.5,
,,,,,,,,,,,,,,,,,,,,,,,,,,,3.5,-51.3,,3.5,-51.8,,3.5,-52.6,,5.45,213,,5.45,212.6,,5.45,213.2,,1.4,-98.3,,1.4,-98.7,,1.4,-98.8,,3.38,-57.5,,3.38,-57.2,,3.38,-59.1,
,,,,,,,,,,,,,,,,,,,,,,,,,,,3.55,-50,,3.55,-50.6,,3.55,-51.4,,5.5,215.7,,5.5,215.6,,5.5,216,,1.42,-97.8,,1.42,-98.4,,1.42,-98.4,,3.4,-57,,3.4,-56.7,,3.4,-58.7,
,,,,,,,,,,,,,,,,,,,,,,,,,,,3.6,-49,,3.6,-49.5,,3.6,-50.2,,,,,,,,,,,1.44,-97.3,,1.44,-97.7,,1.44,-97.9,,3.42,-56.5,,3.42,-56.2,,3.42,-58.2,
,,,,,,,,,,,,,,,,,,,,,,,,,,,3.65,-46.7,,3.65,-48.2,,3.65,-48.8,,,,,,,,,,,1.46,-96.8,,1.46,-97.4,,1.46,-97.5,,3.44,-56.2,,3.44,-55.8,,3.44,-57.8,
,,,,,,,,,,,,,,,,,,,,,,,,,,,3.7,-46.4,,3.7,-47.2,,3.7,-47.6,,,,,,,,,,,1.48,-96.4,,1.48,-96.8,,1.48,-96.8,,3.46,-55.7,,3.46,-55.3,,3.46,-57.3,
,,,,,,,,,,,,,,,,,,,,,,,,,,,3.75,-45,,3.75,-45.4,,3.75,-46.2,,,,,,,,,,,1.5,-95.8,,1.5,-96.2,,1.5,-96.4,,3.48,-55.1,,3.48,-54.8,,3.48,-56.9,
,,,,,,,,,,,,,,,,,,,,,,,,,,,3.8,-43.7,,3.8,-44.1,,3.8,-44.9,,,,,,,,,,,1.52,-95.2,,1.52,-95.7,,1.52,-96.1,,3.5,-54.7,,3.5,-54.4,,3.5,-56.6,
,,,,,,,,,,,,,,,,,,,,,,,,,,,3.85,-42.2,,3.85,-42.6,,3.85,-43.5,,,,,,,,,,,1.54,-94.9,,1.54,-95.6,,1.54,-95.7,,3.52,-54.2,,3.52,-53.9,,3.52,-56,
,,,,,,,,,,,,,,,,,,,,,,,,,,,3.9,-40.8,,3.9,-41.4,,3.9,-41.9,,,,,,,,,,,1.56,-94.3,,1.56,-95,,1.56,-95.3,,3.54,-53.7,,3.54,-53.4,,3.54,-55.6,
,,,,,,,,,,,,,,,,,,,,,,,,,,,3.95,-39.2,,3.95,-39.9,,3.95,-40.5,,,,,,,,,,,1.58,-93.9,,1.58,-94.5,,1.58,-94.9,,3.56,-53.2,,3.56,-52.9,,3.56,-55.1,
,,,,,,,,,,,,,,,,,,,,,,,,,,,4,-37.6,,4,-38.3,,4,-38.9,,,,,,,,,,,1.6,-93.6,,1.6,-94,,1.6,-94.2,,3.58,-52.6,,3.58,-52.4,,3.58,-54.5,
,,,,,,,,,,,,,,,,,,,,,,,,,,,4.05,-36,,4.05,-36.6,,4.05,-37.4,,,,,,,,,,,1.62,-93,,1.62,-93.6,,1.62,-93.8,,3.6,-52.3,,3.6,-51.9,,3.6,-54,
,,,,,,,,,,,,,,,,,,,,,,,,,,,4.1,-34.4,,4.1,-35.1,,4.1,-35.6,,,,,,,,,,,1.64,-92.6,,1.64,-93.2,,1.64,-93.4,,3.62,-51.6,,3.62,-51.5,,3.62,-53.7,
,,,,,,,,,,,,,,,,,,,,,,,,,,,4.15,-32.6,,4.15,-33.1,,4.15,-33.8,,,,,,,,,,,1.66,-92.1,,1.66,-92.7,,1.66,-92.9,,3.64,-51.1,,3.64,-50.9,,3.64,-53.1,
,,,,,,,,,,,,,,,,,,,,,,,,,,,4.2,-30.8,,4.2,-31.6,,4.2,-32,,,,,,,,,,,1.68,-91.8,,1.68,-92.3,,1.68,-92.5,,3.66,-50.6,,3.66,-50.4,,3.66,-52.6,
,,,,,,,,,,,,,,,,,,,,,,,,,,,4.25,-28.7,,4.25,-29.4,,4.25,-30.1,,,,,,,,,,,1.7,-91.3,,1.7,-91.9,,1.7,-92,,3.68,-50.1,,3.68,-49.9,,3.68,-52.1,
,,,,,,,,,,,,,,,,,,,,,,,,,,,4.3,-26.9,,4.3,-27.3,,4.3,-27.9,,,,,,,,,,,1.72,-90.9,,1.72,-91.3,,1.72,-91.6,,3.7,-49.5,,3.7,-49.3,,3.7,-51.7,
,,,,,,,,,,,,,,,,,,,,,,,,,,,4.35,-24.6,,4.35,-25.1,,4.35,-25.9,,,,,,,,,,,1.74,-90.4,,1.74,-91,,1.74,-91.3,,3.72,-49,,3.72,-48.8,,3.72,-51.3,
,,,,,,,,,,,,,,,,,,,,,,,,,,,4.4,-22.4,,4.4,-22.8,,4.4,-23.4,,,,,,,,,,,1.76,-89.9,,1.76,-90.4,,1.76,-90.8,,3.74,-48.4,,3.74,-48.3,,3.74,-50.7,
,,,,,,,,,,,,,,,,,,,,,,,,,,,4.45,-19.7,,4.45,-20.2,,4.45,-21,,,,,,,,,,,1.78,-89.4,,1.78,-89.9,,1.78,-90.3,,3.76,-48,,3.76,-47.7,,3.76,-50.2,
,,,,,,,,,,,,,,,,,,,,,,,,,,,4.5,-17,,4.5,-17.6,,4.5,-18.3,,,,,,,,,,,1.8,-89.1,,1.8,-89.5,,1.8,-89.9,,3.78,-47.5,,3.78,-47.1,,3.78,-49.6,
,,,,,,,,,,,,,,,,,,,,,,,,,,,4.55,-14,,4.55,-14.7,,4.55,-15.4,,,,,,,,,,,1.82,-88.6,,1.82,-89.2,,1.82,-89.5,,3.8,-46.8,,3.8,-46.6,,3.8,-49.1,
,,,,,,,,,,,,,,,,,,,,,,,,,,,4.6,-10.7,,4.6,-11.4,,4.6,-12.3,,,,,,,,,,,1.84,-88.2,,1.84,-88.8,,1.84,-89,,3.82,-46.2,,3.82,-46.1,,3.82,-48.6,
,,,,,,,,,,,,,,,,,,,,,,,,,,,4.65,-7.2,,4.65,-7.6,,4.65,-8.5,,,,,,,,,,,1.86,-87.9,,1.86,-88.3,,1.86,-88.5,,3.84,-45.7,,3.84,-45.4,,3.84,-48.1,
,,,,,,,,,,,,,,,,,,,,,,,,,,,4.7,-3.1,,4.7,-3.4,,4.7,-4.2,,,,,,,,,,,1.88,-87.4,,1.88,-87.7,,1.88,-88.1,,3.86,-45.1,,3.86,-44.9,,3.86,-47.5,
,,,,,,,,,,,,,,,,,,,,,,,,,,,4.75,2,,4.75,1.2,,4.75,0.6,,,,,,,,,,,1.9,-86.9,,1.9,-87.5,,1.9,-87.8,,3.88,-44.6,,3.88,-44.4,,3.88,-47,
,,,,,,,,,,,,,,,,,,,,,,,,,,,4.8,7.6,,4.8,6.9,,4.8,6.6,,,,,,,,,,,1.92,-86.5,,1.92,-87.1,,1.92,-87.4,,3.9,-43.9,,3.9,-43.7,,3.9,-46.4,
,,,,,,,,,,,,,,,,,,,,,,,,,,,4.85,15.7,,4.85,14.7,,4.85,13.5,,,,,,,,,,,1.94,-86.1,,1.94,-86.6,,1.94,-86.9,,3.92,-43.4,,3.92,-43.1,,3.92,-45.8,
,,,,,,,,,,,,,,,,,,,,,,,,,,,4.9,24.9,,4.9,25,,4.9,23.3,,,,,,,,,,,1.96,-85.7,,1.96,-86.2,,1.96,-86.5,,3.94,-42.8,,3.94,-42.5,,3.94,-45.3,
,,,,,,,,,,,,,,,,,,,,,,,,,,,4.95,40.6,,4.95,39.7,,4.95,38.3,,,,,,,,,,,1.98,-85.3,,1.98,-85.8,,1.98,-86,,3.96,-42.2,,3.96,-41.9,,3.96,-44.8,
,,,,,,,,,,,,,,,,,,,,,,,,,,,5,78.4,,5,73.9,,5,78.5,,,,,,,,,,,2,-84.9,,2,-85.4,,2,-85.7,,3.98,-41.5,,3.98,-41.2,,3.98,-44.2,
,,,,,,,,,,,,,,,,,,,,,,,,,,,5.05,151.1,,5.05,149.6,,5.05,150.1,,,,,,,,,,,2.02,-84.5,,2.02,-84.9,,2.02,-85.1,,4,-40.8,,4,-40.6,,4,-43.5,
,,,,,,,,,,,,,,,,,,,,,,,,,,,5.1,172.1,,5.1,170.8,,5.1,171.5,,,,,,,,,,,2.04,-84,,2.04,-84.5,,2.04,-84.8,,4.02,-40.2,,4.02,-40,,4.02,-43,
,,,,,,,,,,,,,,,,,,,,,,,,,,,5.15,183.3,,5.15,183,,5.15,183.2,,,,,,,,,,,2.06,-83.6,,2.06,-84.2,,2.06,-84.5,,4.04,-39.5,,4.04,-39.4,,4.04,-42.4,
,,,,,,,,,,,,,,,,,,,,,,,,,,,5.2,191.4,,5.2,190.7,,5.2,191.6,,,,,,,,,,,2.08,-83.2,,2.08,-83.7,,2.08,-84,,4.06,-38.8,,4.06,-38.6,,4.06,-41.9,
,,,,,,,,,,,,,,,,,,,,,,,,,,,5.25,197.5,,5.25,197.2,,5.25,197.6,,,,,,,,,,,2.1,-82.8,,2.1,-83.3,,2.1,-83.8,,4.08,-38.3,,4.08,-38,,4.08,-41.2,
,,,,,,,,,,,,,,,,,,,,,,,,,,,5.3,202.3,,5.3,201.8,,5.3,202.7,,,,,,,,,,,2.12,-82.4,,2.12,-83,,2.12,-83,,4.1,-37.5,,4.1,-37.2,,4.1,-40.6,
,,,,,,,,,,,,,,,,,,,,,,,,,,,5.35,206.4,,5.35,205.7,,5.35,206.6,,,,,,,,,,,2.14,-82,,2.14,-82.3,,2.14,-82.6,,4.12,-36.8,,4.12,-36.4,,4.12,-40.1,
,,,,,,,,,,,,,,,,,,,,,,,,,,,5.4,210,,5.4,209.4,,5.4,210.2,,,,,,,,,,,2.16,-81.5,,2.16,-82.2,,2.16,-82.2,,4.14,-36.3,,4.14,-35.8,,4.14,-39.3,
,,,,,,,,,,,,,,,,,,,,,,,,,,,5.45,212.7,,5.45,212.4,,5.45,213.3,,,,,,,,,,,2.18,-81.1,,2.18,-81.7,,2.18,-81.9,,4.16,-35.4,,4.16,-35.2,,4.16,-38.8,
,,,,,,,,,,,,,,,,,,,,,,,,,,,5.5,215.7,,5.5,215,,5.5,215.7,,,,,,,,,,,2.2,-80.7,,2.2,-81.3,,2.2,-81.5,,4.18,-34.7,,4.18,-34.4,,4.18,-38.2,
,,,,,,,,,,,,,,,,,,,,,,,,,,,,,,,,,,,,,,,,,,,,,2.22,-80.4,,2.22,-80.9,,2.22,-81,,4.2,-33.9,,4.2,-33.6,,4.2,-37.3,
,,,,,,,,,,,,,,,,,,,,,,,,,,,,,,,,,,,,,,,,,,,,,2.24,-79.9,,2.24,-80.5,,2.24,-80.6,,4.22,-33.2,,4.22,-32.9,,4.22,-36.6,
,,,,,,,,,,,,,,,,,,,,,,,,,,,,,,,,,,,,,,,,,,,,,2.26,-79.5,,2.26,-80.1,,2.26,-80.4,,4.24,-32.3,,4.24,-32,,4.24,-36.1,
,,,,,,,,,,,,,,,,,,,,,,,,,,,,,,,,,,,,,,,,,,,,,2.28,-79.1,,2.28,-79.9,,2.28,-79.9,,4.26,-31.5,,4.26,-31.3,,4.26,-35.2,
,,,,,,,,,,,,,,,,,,,,,,,,,,,,,,,,,,,,,,,,,,,,,2.3,-78.7,,2.3,-79.3,,2.3,-79.7,,4.28,-30.7,,4.28,-30.4,,4.28,-34.5,
,,,,,,,,,,,,,,,,,,,,,,,,,,,,,,,,,,,,,,,,,,,,,2.32,-78.4,,2.32,-78.8,,2.32,-79.3,,4.3,-29.8,,4.3,-29.6,,4.3,-33.9,
,,,,,,,,,,,,,,,,,,,,,,,,,,,,,,,,,,,,,,,,,,,,,2.34,-77.9,,2.34,-78.4,,2.34,-78.8,,4.32,-29,,4.32,-28.7,,4.32,-33.1,
,,,,,,,,,,,,,,,,,,,,,,,,,,,,,,,,,,,,,,,,,,,,,2.36,-77.5,,2.36,-78.2,,2.36,-78.3,,4.34,-28,,4.34,-27.8,,4.34,-32.3,
,,,,,,,,,,,,,,,,,,,,,,,,,,,,,,,,,,,,,,,,,,,,,2.38,-77.2,,2.38,-77.6,,2.38,-77.9,,4.36,-27.2,,4.36,-26.9,,4.36,-31.5,
,,,,,,,,,,,,,,,,,,,,,,,,,,,,,,,,,,,,,,,,,,,,,2.4,-76.8,,2.4,-77.2,,2.4,-77.5,,4.38,-26.2,,4.38,-26,,4.38,-30.9,
,,,,,,,,,,,,,,,,,,,,,,,,,,,,,,,,,,,,,,,,,,,,,2.42,-76.3,,2.42,-76.7,,2.42,-77.2,,4.4,-25.3,,4.4,-25,,4.4,-29.9,
,,,,,,,,,,,,,,,,,,,,,,,,,,,,,,,,,,,,,,,,,,,,,2.44,-75.9,,2.44,-76.6,,2.44,-76.7,,4.42,-24.2,,4.42,-24,,4.42,-29,
,,,,,,,,,,,,,,,,,,,,,,,,,,,,,,,,,,,,,,,,,,,,,2.46,-75.5,,2.46,-76.2,,2.46,-76.4,,4.44,-23.2,,4.44,-22.9,,4.44,-28.3,
,,,,,,,,,,,,,,,,,,,,,,,,,,,,,,,,,,,,,,,,,,,,,2.48,-75.2,,2.48,-75.6,,2.48,-75.9,,4.46,-22.2,,4.46,-21.9,,4.46,-27.2,
,,,,,,,,,,,,,,,,,,,,,,,,,,,,,,,,,,,,,,,,,,,,,2.5,-74.8,,2.5,-75.3,,2.5,-75.5,,4.48,-21.4,,4.48,-20.8,,4.48,-26.4,
,,,,,,,,,,,,,,,,,,,,,,,,,,,,,,,,,,,,,,,,,,,,,2.52,-74.4,,2.52,-74.8,,2.52,-75.2,,4.5,-20.1,,4.5,-19.7,,4.5,-25.5,
,,,,,,,,,,,,,,,,,,,,,,,,,,,,,,,,,,,,,,,,,,,,,2.54,-74,,2.54,-74.5,,2.54,-74.9,,4.52,-18.7,,4.52,-18.5,,4.52,-24.5,
,,,,,,,,,,,,,,,,,,,,,,,,,,,,,,,,,,,,,,,,,,,,,2.56,-73.6,,2.56,-74,,2.56,-74.3,,4.54,-17.5,,4.54,-17.3,,4.54,-23.6,
,,,,,,,,,,,,,,,,,,,,,,,,,,,,,,,,,,,,,,,,,,,,,2.58,-73.2,,2.58,-73.6,,2.58,-74,,4.56,-16.2,,4.56,-16,,4.56,-22.5,
,,,,,,,,,,,,,,,,,,,,,,,,,,,,,,,,,,,,,,,,,,,,,2.6,-72.7,,2.6,-73.2,,2.6,-73.7,,4.58,-14.8,,4.58,-14.7,,4.58,-21.1,
,,,,,,,,,,,,,,,,,,,,,,,,,,,,,,,,,,,,,,,,,,,,,2.62,-72.3,,2.62,-73,,2.62,-73.2,,4.6,-13.5,,4.6,-13.2,,4.6,-20,
,,,,,,,,,,,,,,,,,,,,,,,,,,,,,,,,,,,,,,,,,,,,,2.64,-71.9,,2.64,-72.5,,2.64,-72.9,,4.62,-12.1,,4.62,-11.8,,4.62,-19.7,
,,,,,,,,,,,,,,,,,,,,,,,,,,,,,,,,,,,,,,,,,,,,,2.66,-71.5,,2.66,-72.2,,2.66,-72.3,,4.64,-10.7,,4.64,-10.3,,4.64,-18.1,
,,,,,,,,,,,,,,,,,,,,,,,,,,,,,,,,,,,,,,,,,,,,,2.68,-71.1,,2.68,-71.6,,2.68,-71.9,,4.66,-8.9,,4.66,-8.6,,4.66,-17.3,
,,,,,,,,,,,,,,,,,,,,,,,,,,,,,,,,,,,,,,,,,,,,,2.7,-70.7,,2.7,-71.3,,2.7,-71.5,,4.68,-7.4,,4.68,-6.9,,4.68,-15.3,
,,,,,,,,,,,,,,,,,,,,,,,,,,,,,,,,,,,,,,,,,,,,,2.72,-70.5,,2.72,-70.6,,2.72,-71.2,,4.7,-5.6,,4.7,-5.2,,4.7,-14.4,
,,,,,,,,,,,,,,,,,,,,,,,,,,,,,,,,,,,,,,,,,,,,,2.74,-69.9,,2.74,-70.5,,2.74,-70.8,,4.72,-3.5,,4.72,-3.2,,4.72,-13,
,,,,,,,,,,,,,,,,,,,,,,,,,,,,,,,,,,,,,,,,,,,,,2.76,-69.5,,2.76,-70,,2.76,-70.3,,4.74,-1.3,,4.74,-1.1,,4.74,-11.7,
,,,,,,,,,,,,,,,,,,,,,,,,,,,,,,,,,,,,,,,,,,,,,2.78,-69.1,,2.78,-69.6,,2.78,-70.1,,4.76,0.6,,4.76,1.1,,4.76,-10.2,
,,,,,,,,,,,,,,,,,,,,,,,,,,,,,,,,,,,,,,,,,,,,,2.8,-68.7,,2.8,-69.2,,2.8,-69.5,,4.78,3.1,,4.78,3.6,,4.78,-8.6,
,,,,,,,,,,,,,,,,,,,,,,,,,,,,,,,,,,,,,,,,,,,,,2.82,-68.2,,2.82,-68.8,,2.82,-69.1,,4.8,5.7,,4.8,6.1,,4.8,-7,
,,,,,,,,,,,,,,,,,,,,,,,,,,,,,,,,,,,,,,,,,,,,,2.84,-67.8,,2.84,-68.4,,2.84,-68.7,,4.82,8.4,,4.82,8.9,,4.82,-5.4,
,,,,,,,,,,,,,,,,,,,,,,,,,,,,,,,,,,,,,,,,,,,,,2.86,-67.4,,2.86,-67.9,,2.86,-68.4,,4.84,11.4,,4.84,12.1,,4.84,-3.7,
,,,,,,,,,,,,,,,,,,,,,,,,,,,,,,,,,,,,,,,,,,,,,2.88,-67.1,,2.88,-67.7,,2.88,-68,,4.86,15.5,,4.86,15.8,,4.86,-1.8,
,,,,,,,,,,,,,,,,,,,,,,,,,,,,,,,,,,,,,,,,,,,,,2.9,-66.6,,2.9,-67.1,,2.9,-67.4,,4.88,19.2,,4.88,19.8,,4.88,0,
,,,,,,,,,,,,,,,,,,,,,,,,,,,,,,,,,,,,,,,,,,,,,2.92,-66.2,,2.92,-66.8,,2.92,-67.1,,4.9,24.3,,4.9,25.6,,4.9,2.3,
,,,,,,,,,,,,,,,,,,,,,,,,,,,,,,,,,,,,,,,,,,,,,2.94,-65.8,,2.94,-66.4,,2.94,-66.7,,4.92,29,,4.92,31.1,,4.92,4.7,
,,,,,,,,,,,,,,,,,,,,,,,,,,,,,,,,,,,,,,,,,,,,,2.96,-65.4,,2.96,-66,,2.96,-66.1,,4.94,36.6,,4.94,39.1,,4.94,7.1,
,,,,,,,,,,,,,,,,,,,,,,,,,,,,,,,,,,,,,,,,,,,,,2.98,-65,,2.98,-65.5,,2.98,-65.9,,4.96,45.6,,4.96,47.4,,4.96,9.6,
,,,,,,,,,,,,,,,,,,,,,,,,,,,,,,,,,,,,,,,,,,,,,3,-64.6,,3,-65.2,,3,-65.3,,4.98,57.6,,4.98,64,,4.98,12.5,
,,,,,,,,,,,,,,,,,,,,,,,,,,,,,,,,,,,,,,,,,,,,,3.02,-64,,3.02,-64.7,,3.02,-65.1,,5,77.4,,5,84,,5,15.5,
,,,,,,,,,,,,,,,,,,,,,,,,,,,,,,,,,,,,,,,,,,,,,3.04,-63.6,,3.04,-64.1,,3.04,-64.6,,5.02,115.7,,5.02,121,,5.02,19.3,
,,,,,,,,,,,,,,,,,,,,,,,,,,,,,,,,,,,,,,,,,,,,,3.06,-63.2,,3.06,-63.8,,3.06,-64.2,,5.04,140,,5.04,143.2,,5.04,22.9,
,,,,,,,,,,,,,,,,,,,,,,,,,,,,,,,,,,,,,,,,,,,,,3.08,-62.9,,3.08,-63.6,,3.08,-63.7,,5.06,153.2,,5.06,155.9,,5.06,26.7,
,,,,,,,,,,,,,,,,,,,,,,,,,,,,,,,,,,,,,,,,,,,,,3.1,-62.4,,3.1,-62.8,,3.1,-63.3,,5.08,162.6,,5.08,164.7,,5.08,31.3,
,,,,,,,,,,,,,,,,,,,,,,,,,,,,,,,,,,,,,,,,,,,,,3.12,-61.9,,3.12,-62.6,,3.12,-62.9,,5.1,169.5,,5.1,170.9,,5.1,37,
,,,,,,,,,,,,,,,,,,,,,,,,,,,,,,,,,,,,,,,,,,,,,3.14,-61.6,,3.14,-62.3,,3.14,-62.5,,5.12,174.9,,5.12,176.2,,5.12,42.6,
,,,,,,,,,,,,,,,,,,,,,,,,,,,,,,,,,,,,,,,,,,,,,3.16,-61.1,,3.16,-61.6,,3.16,-62,,5.14,179.3,,5.14,180.4,,5.14,49.6,
,,,,,,,,,,,,,,,,,,,,,,,,,,,,,,,,,,,,,,,,,,,,,3.18,-60.7,,3.18,-61.2,,3.18,-61.6,,5.16,183,,5.16,184.1,,5.16,57.1,
,,,,,,,,,,,,,,,,,,,,,,,,,,,,,,,,,,,,,,,,,,,,,3.2,-60.3,,3.2,-60.8,,3.2,-61.2,,5.18,186.1,,5.18,187.2,,5.18,63.7,
,,,,,,,,,,,,,,,,,,,,,,,,,,,,,,,,,,,,,,,,,,,,,3.22,-59.8,,3.22,-60.2,,3.22,-60.7,,5.2,188.7,,5.2,190,,5.2,74.8,
,,,,,,,,,,,,,,,,,,,,,,,,,,,,,,,,,,,,,,,,,,,,,3.24,-59.4,,3.24,-59.7,,3.24,-60.3,,,,,,,,5.22,88.5,
,,,,,,,,,,,,,,,,,,,,,,,,,,,,,,,,,,,,,,,,,,,,,3.26,-59,,3.26,-59.4,,3.26,-59.9,,,,,,,,5.24,107.1,
,,,,,,,,,,,,,,,,,,,,,,,,,,,,,,,,,,,,,,,,,,,,,3.28,-58.5,,3.28,-59,,3.28,-59.2,,,,,,,,5.26,128.5,
,,,,,,,,,,,,,,,,,,,,,,,,,,,,,,,,,,,,,,,,,,,,,3.3,-58,,3.3,-58.6,,3.3,-59,,,,,,,,5.28,144.2,
,,,,,,,,,,,,,,,,,,,,,,,,,,,,,,,,,,,,,,,,,,,,,3.32,-57.6,,3.32,-58.2,,3.32,-58.6,,,,,,,,5.3,155.2,
,,,,,,,,,,,,,,,,,,,,,,,,,,,,,,,,,,,,,,,,,,,,,3.34,-57.1,,3.34,-57.6,,3.34,-58.1,,,,,,,,5.32,162.6,
,,,,,,,,,,,,,,,,,,,,,,,,,,,,,,,,,,,,,,,,,,,,,3.36,-56.6,,3.36,-57.2,,3.36,-57.5,,,,,,,,5.34,168.4,
,,,,,,,,,,,,,,,,,,,,,,,,,,,,,,,,,,,,,,,,,,,,,3.38,-56.2,,3.38,-56.8,,3.38,-57.2,,,,,,,,5.36,173.4,
,,,,,,,,,,,,,,,,,,,,,,,,,,,,,,,,,,,,,,,,,,,,,3.4,-55.7,,3.4,-56.2,,3.4,-56.7,,,,,,,,5.38,177.1,
,,,,,,,,,,,,,,,,,,,,,,,,,,,,,,,,,,,,,,,,,,,,,3.42,-55.3,,3.42,-55.9,,3.42,-56.3,,,,,,,,5.4,180.5,
,,,,,,,,,,,,,,,,,,,,,,,,,,,,,,,,,,,,,,,,,,,,,3.44,-54.8,,3.44,-55.4,,3.44,-55.8,,,,,,,,5.42,183.4,
,,,,,,,,,,,,,,,,,,,,,,,,,,,,,,,,,,,,,,,,,,,,,3.46,-54.4,,3.46,-54.9,,3.46,-55.2,,,,,,,,5.44,185.9,
,,,,,,,,,,,,,,,,,,,,,,,,,,,,,,,,,,,,,,,,,,,,,3.48,-53.8,,3.48,-54.4,,3.48,-54.7,,,,,,,,,,
,,,,,,,,,,,,,,,,,,,,,,,,,,,,,,,,,,,,,,,,,,,,,3.5,-53.3,,3.5,-54,,3.5,-54.3,,,,,,,,,,
,,,,,,,,,,,,,,,,,,,,,,,,,,,,,,,,,,,,,,,,,,,,,3.52,-52.9,,3.52,-53.4,,3.52,-53.8,,,,,,,,,,
,,,,,,,,,,,,,,,,,,,,,,,,,,,,,,,,,,,,,,,,,,,,,3.54,-52.4,,3.54,-53,,3.54,-53.4,,,,,,,,,,
,,,,,,,,,,,,,,,,,,,,,,,,,,,,,,,,,,,,,,,,,,,,,3.56,-51.8,,3.56,-52.5,,3.56,-52.9,,,,,,,,,,
,,,,,,,,,,,,,,,,,,,,,,,,,,,,,,,,,,,,,,,,,,,,,3.58,-51.3,,3.58,-51.9,,3.58,-52.3,,,,,,,,,,
,,,,,,,,,,,,,,,,,,,,,,,,,,,,,,,,,,,,,,,,,,,,,3.6,-50.9,,3.6,-51.4,,3.6,-52,,,,,,,,,,
,,,,,,,,,,,,,,,,,,,,,,,,,,,,,,,,,,,,,,,,,,,,,3.62,-50.4,,3.62,-51,,3.62,-51.2,,,,,,,,,,
,,,,,,,,,,,,,,,,,,,,,,,,,,,,,,,,,,,,,,,,,,,,,3.64,-49.9,,3.64,-50.4,,3.64,-50.8,,,,,,,,,,
,,,,,,,,,,,,,,,,,,,,,,,,,,,,,,,,,,,,,,,,,,,,,3.66,-49.3,,3.66,-50.1,,3.66,-50.2,,,,,,,,,,
,,,,,,,,,,,,,,,,,,,,,,,,,,,,,,,,,,,,,,,,,,,,,3.68,-48.8,,3.68,-49.5,,3.68,-49.8,,,,,,,,,,
,,,,,,,,,,,,,,,,,,,,,,,,,,,,,,,,,,,,,,,,,,,,,3.7,-48.3,,3.7,-48.9,,3.7,-49.3,,,,,,,,,,
,,,,,,,,,,,,,,,,,,,,,,,,,,,,,,,,,,,,,,,,,,,,,3.72,-47.7,,3.72,-48.4,,3.72,-48.7,,,,,,,,,,
,,,,,,,,,,,,,,,,,,,,,,,,,,,,,,,,,,,,,,,,,,,,,3.74,-47.3,,3.74,-47.9,,3.74,-48.2,,,,,,,,,,
,,,,,,,,,,,,,,,,,,,,,,,,,,,,,,,,,,,,,,,,,,,,,3.76,-46.7,,3.76,-47.4,,3.76,-47.7,,,,,,,,,,
,,,,,,,,,,,,,,,,,,,,,,,,,,,,,,,,,,,,,,,,,,,,,3.78,-46.1,,3.78,-46.7,,3.78,-47,,,,,,,,,,
,,,,,,,,,,,,,,,,,,,,,,,,,,,,,,,,,,,,,,,,,,,,,3.8,-45.6,,3.8,-46.3,,3.8,-46.4,,,,,,,,,,
,,,,,,,,,,,,,,,,,,,,,,,,,,,,,,,,,,,,,,,,,,,,,3.82,-45,,3.82,-45.7,,3.82,-45.9,,,,,,,,,,
,,,,,,,,,,,,,,,,,,,,,,,,,,,,,,,,,,,,,,,,,,,,,3.84,-44.5,,3.84,-45.1,,3.84,-45.6,,,,,,,,,,
,,,,,,,,,,,,,,,,,,,,,,,,,,,,,,,,,,,,,,,,,,,,,3.86,-43.8,,3.86,-44.5,,3.86,-44.9,,,,,,,,,,
,,,,,,,,,,,,,,,,,,,,,,,,,,,,,,,,,,,,,,,,,,,,,3.88,-43.3,,3.88,-44,,3.88,-44.2,,,,,,,,,,
,,,,,,,,,,,,,,,,,,,,,,,,,,,,,,,,,,,,,,,,,,,,,3.9,-42.7,,3.9,-43.5,,3.9,-43.6,,,,,,,,,,
,,,,,,,,,,,,,,,,,,,,,,,,,,,,,,,,,,,,,,,,,,,,,3.92,-42,,3.92,-42.9,,3.92,-43.1,,,,,,,,,,
,,,,,,,,,,,,,,,,,,,,,,,,,,,,,,,,,,,,,,,,,,,,,3.94,-41.5,,3.94,-42.1,,3.94,-42.4,,,,,,,,,,
,,,,,,,,,,,,,,,,,,,,,,,,,,,,,,,,,,,,,,,,,,,,,3.96,-40.9,,3.96,-41.7,,3.96,-42,,,,,,,,,,
,,,,,,,,,,,,,,,,,,,,,,,,,,,,,,,,,,,,,,,,,,,,,3.98,-40.3,,3.98,-40.8,,3.98,-41.3,,,,,,,,,,
,,,,,,,,,,,,,,,,,,,,,,,,,,,,,,,,,,,,,,,,,,,,,4,-39.5,,4,-40.4,,4,-40.6,,,,,,,,,,
,,,,,,,,,,,,,,,,,,,,,,,,,,,,,,,,,,,,,,,,,,,,,4.02,-38.9,,4.02,-39.8,,4.02,-39.9,,,,,,,,,,
,,,,,,,,,,,,,,,,,,,,,,,,,,,,,,,,,,,,,,,,,,,,,4.04,-38.2,,4.04,-39.3,,4.04,-39.4,,,,,,,,,,
,,,,,,,,,,,,,,,,,,,,,,,,,,,,,,,,,,,,,,,,,,,,,4.06,-37.6,,4.06,-38.4,,4.06,-38.7,,,,,,,,,,
,,,,,,,,,,,,,,,,,,,,,,,,,,,,,,,,,,,,,,,,,,,,,4.08,-36.9,,4.08,-37.7,,4.08,-38,,,,,,,,,,
,,,,,,,,,,,,,,,,,,,,,,,,,,,,,,,,,,,,,,,,,,,,,4.1,-36.3,,4.1,-36.9,,4.1,-37.3,,,,,,,,,,
,,,,,,,,,,,,,,,,,,,,,,,,,,,,,,,,,,,,,,,,,,,,,4.12,-35.6,,4.12,-36.5,,4.12,-36.7,,,,,,,,,,
,,,,,,,,,,,,,,,,,,,,,,,,,,,,,,,,,,,,,,,,,,,,,4.14,-34.8,,4.14,-35.8,,4.14,-35.9,,,,,,,,,,
,,,,,,,,,,,,,,,,,,,,,,,,,,,,,,,,,,,,,,,,,,,,,4.16,-34,,4.16,-35.2,,4.16,-35.5,,,,,,,,,,
,,,,,,,,,,,,,,,,,,,,,,,,,,,,,,,,,,,,,,,,,,,,,4.18,-33.3,,4.18,-34.3,,4.18,-34.5,,,,,,,,,,
,,,,,,,,,,,,,,,,,,,,,,,,,,,,,,,,,,,,,,,,,,,,,4.2,-32.6,,4.2,-33.4,,4.2,-33.7,,,,,,,,,,
,,,,,,,,,,,,,,,,,,,,,,,,,,,,,,,,,,,,,,,,,,,,,4.22,-31.8,,4.22,-32.8,,4.22,-32.9,,,,,,,,,,
,,,,,,,,,,,,,,,,,,,,,,,,,,,,,,,,,,,,,,,,,,,,,4.24,-31,,4.24,-32,,4.24,-32.1,,,,,,,,,,
,,,,,,,,,,,,,,,,,,,,,,,,,,,,,,,,,,,,,,,,,,,,,4.26,-30.2,,4.26,-31.4,,4.26,-31.4,,,,,,,,,,
,,,,,,,,,,,,,,,,,,,,,,,,,,,,,,,,,,,,,,,,,,,,,4.28,-29.4,,4.28,-30.3,,4.28,-30.5,,,,,,,,,,
,,,,,,,,,,,,,,,,,,,,,,,,,,,,,,,,,,,,,,,,,,,,,4.3,-28.4,,4.3,-29.6,,4.3,-29.7,,,,,,,,,,
,,,,,,,,,,,,,,,,,,,,,,,,,,,,,,,,,,,,,,,,,,,,,4.32,-27.6,,4.32,-28.6,,4.32,-28.9,,,,,,,,,,
,,,,,,,,,,,,,,,,,,,,,,,,,,,,,,,,,,,,,,,,,,,,,4.34,-26.7,,4.34,-27.9,,4.34,-28,,,,,,,,,,
,,,,,,,,,,,,,,,,,,,,,,,,,,,,,,,,,,,,,,,,,,,,,4.36,-25.7,,4.36,-27,,4.36,-27.2,,,,,,,,,,
,,,,,,,,,,,,,,,,,,,,,,,,,,,,,,,,,,,,,,,,,,,,,4.38,-24.9,,4.38,-26,,4.38,-26.1,,,,,,,,,,
,,,,,,,,,,,,,,,,,,,,,,,,,,,,,,,,,,,,,,,,,,,,,4.4,-24,,4.4,-25.2,,4.4,-25.3,,,,,,,,,,
,,,,,,,,,,,,,,,,,,,,,,,,,,,,,,,,,,,,,,,,,,,,,4.42,-22.9,,4.42,-24,,4.42,-24.2,,,,,,,,,,
,,,,,,,,,,,,,,,,,,,,,,,,,,,,,,,,,,,,,,,,,,,,,4.44,-21.8,,4.44,-23.3,,4.44,-23.1,,,,,,,,,,
,,,,,,,,,,,,,,,,,,,,,,,,,,,,,,,,,,,,,,,,,,,,,4.46,-20.8,,4.46,-22.2,,4.46,-22.1,,,,,,,,,,
,,,,,,,,,,,,,,,,,,,,,,,,,,,,,,,,,,,,,,,,,,,,,4.48,-19.7,,4.48,-21.1,,4.48,-21.1,,,,,,,,,,
,,,,,,,,,,,,,,,,,,,,,,,,,,,,,,,,,,,,,,,,,,,,,4.5,-18.4,,4.5,-20,,4.5,-20,,,,,,,,,,
,,,,,,,,,,,,,,,,,,,,,,,,,,,,,,,,,,,,,,,,,,,,,4.52,-17.2,,4.52,-18.8,,4.52,-18.8,,,,,,,,,,
,,,,,,,,,,,,,,,,,,,,,,,,,,,,,,,,,,,,,,,,,,,,,4.54,-16,,4.54,-17.6,,4.54,-17.6,,,,,,,,,,
,,,,,,,,,,,,,,,,,,,,,,,,,,,,,,,,,,,,,,,,,,,,,4.56,-14.8,,4.56,-16.5,,4.56,-16.3,,,,,,,,,,
,,,,,,,,,,,,,,,,,,,,,,,,,,,,,,,,,,,,,,,,,,,,,4.58,-13.4,,4.58,-15.3,,4.58,-15.1,,,,,,,,,,
,,,,,,,,,,,,,,,,,,,,,,,,,,,,,,,,,,,,,,,,,,,,,4.6,-12.1,,4.6,-13.9,,4.6,-13.7,,,,,,,,,,
,,,,,,,,,,,,,,,,,,,,,,,,,,,,,,,,,,,,,,,,,,,,,4.62,-10.6,,4.62,-12.5,,4.62,-12.4,,,,,,,,,,
,,,,,,,,,,,,,,,,,,,,,,,,,,,,,,,,,,,,,,,,,,,,,4.64,-8.8,,4.64,-11.2,,4.64,-10.9,,,,,,,,,,
,,,,,,,,,,,,,,,,,,,,,,,,,,,,,,,,,,,,,,,,,,,,,4.66,-7.2,,4.66,-9.5,,4.66,-9.3,,,,,,,,,,
,,,,,,,,,,,,,,,,,,,,,,,,,,,,,,,,,,,,,,,,,,,,,4.68,-5.6,,4.68,-8.3,,4.68,-7.7,,,,,,,,,,
,,,,,,,,,,,,,,,,,,,,,,,,,,,,,,,,,,,,,,,,,,,,,4.7,-3.8,,4.7,-6.4,,4.7,-6.1,,,,,,,,,,
,,,,,,,,,,,,,,,,,,,,,,,,,,,,,,,,,,,,,,,,,,,,,4.72,-1.7,,4.72,-4.7,,4.72,-4.5,,,,,,,,,,
,,,,,,,,,,,,,,,,,,,,,,,,,,,,,,,,,,,,,,,,,,,,,4.74,0.4,,4.74,-2.8,,4.74,-2.2,,,,,,,,,,
,,,,,,,,,,,,,,,,,,,,,,,,,,,,,,,,,,,,,,,,,,,,,4.76,2.7,,4.76,-0.7,,4.76,-0.3,,,,,,,,,,
,,,,,,,,,,,,,,,,,,,,,,,,,,,,,,,,,,,,,,,,,,,,,4.78,5,,4.78,1.5,,4.78,2.1,,,,,,,,,,
,,,,,,,,,,,,,,,,,,,,,,,,,,,,,,,,,,,,,,,,,,,,,4.8,7.6,,4.8,3.8,,4.8,4.5,,,,,,,,,,
,,,,,,,,,,,,,,,,,,,,,,,,,,,,,,,,,,,,,,,,,,,,,4.82,10.5,,4.82,6.4,,4.82,7.2,,,,,,,,,,
,,,,,,,,,,,,,,,,,,,,,,,,,,,,,,,,,,,,,,,,,,,,,4.84,13.9,,4.84,9.1,,4.84,10.1,,,,,,,,,,
,,,,,,,,,,,,,,,,,,,,,,,,,,,,,,,,,,,,,,,,,,,,,4.86,17.8,,4.86,12.1,,4.86,13.2,,,,,,,,,,
,,,,,,,,,,,,,,,,,,,,,,,,,,,,,,,,,,,,,,,,,,,,,4.88,21.8,,4.88,15,,4.88,16.3,,,,,,,,,,
,,,,,,,,,,,,,,,,,,,,,,,,,,,,,,,,,,,,,,,,,,,,,4.9,26.9,,4.9,18.4,,4.9,21.1,,,,,,,,,,
,,,,,,,,,,,,,,,,,,,,,,,,,,,,,,,,,,,,,,,,,,,,,4.92,32.9,,4.92,23.3,,4.92,26.2,,,,,,,,,,
,,,,,,,,,,,,,,,,,,,,,,,,,,,,,,,,,,,,,,,,,,,,,4.94,40.1,,4.94,29,,4.94,32,,,,,,,,,,
,,,,,,,,,,,,,,,,,,,,,,,,,,,,,,,,,,,,,,,,,,,,,4.96,49.8,,4.96,34.4,,4.96,38.3,,,,,,,,,,
,,,,,,,,,,,,,,,,,,,,,,,,,,,,,,,,,,,,,,,,,,,,,4.98,65.5,,4.98,42,,4.98,49.1,,,,,,,,,,
,,,,,,,,,,,,,,,,,,,,,,,,,,,,,,,,,,,,,,,,,,,,,5,86,,5,52.5,,5,62.2,,,,,,,,,,
,,,,,,,,,,,,,,,,,,,,,,,,,,,,,,,,,,,,,,,,,,,,,5.02,124.7,,5.02,67.5,,5.02,86.4,,,,,,,,,,
,,,,,,,,,,,,,,,,,,,,,,,,,,,,,,,,,,,,,,,,,,,,,5.04,145.6,,5.04,84,,5.04,126.3,,,,,,,,,,
,,,,,,,,,,,,,,,,,,,,,,,,,,,,,,,,,,,,,,,,,,,,,5.06,157.5,,5.06,119.7,,5.06,146,,,,,,,,,,
,,,,,,,,,,,,,,,,,,,,,,,,,,,,,,,,,,,,,,,,,,,,,5.08,165.7,,5.08,142.1,,5.08,157.9,,,,,,,,,,
,,,,,,,,,,,,,,,,,,,,,,,,,,,,,,,,,,,,,,,,,,,,,5.1,172.4,,5.1,155.3,,5.1,165.6,,,,,,,,,,
,,,,,,,,,,,,,,,,,,,,,,,,,,,,,,,,,,,,,,,,,,,,,5.12,177.3,,5.12,163.9,,5.12,171.9,,,,,,,,,,
,,,,,,,,,,,,,,,,,,,,,,,,,,,,,,,,,,,,,,,,,,,,,5.14,181.5,,5.14,170.6,,5.14,176.8,,,,,,,,,,
,,,,,,,,,,,,,,,,,,,,,,,,,,,,,,,,,,,,,,,,,,,,,5.16,185.1,,5.16,175.4,,5.16,181,,,,,,,,,,
,,,,,,,,,,,,,,,,,,,,,,,,,,,,,,,,,,,,,,,,,,,,,5.18,188.3,,5.18,180,,5.18,184.6,,,,,,,,,,
,,,,,,,,,,,,,,,,,,,,,,,,,,,,,,,,,,,,,,,,,,,,,5.2,191,,5.2,183.7,,5.2,187.9,,,,,,,,,,
,,,,,,,,,,,,,,,,,,,,,,,,,,,,,,,,,,,,,,,,,,,,,,,,5.22,186.9,,5.22,190.5,,,,,,,,,,
,,,,,,,,,,,,,,,,,,,,,,,,,,,,,,,,,,,,,,,,,,,,,,,,5.24,189.7,,,,,,,,,,,,,
